location,recordingDate,method,taskLength,status,transcriber,rain,wind,industryNoise,otherNoise,audioQuality,taskComments,internal_task_id
BMS-MMO-82-21, 2022-06-05 06:09:16,1SPT,606.19,Transcribed,Christopher Moser-Purdy,None,Light,None,None,None,,671910
BMS-FMO-6-8, 2022-06-14 04:32:53,1SPT,600,Transcribed,Christopher Moser-Purdy,None,None,None,None,None,,538705
BMS-MMO-82-24, 2022-06-05 06:42:41,1SPT,604.62,Transcribed,Christopher Moser-Purdy,None,None,None,Light,None,,671913
BMS-MRP-15-18, 2022-06-15 06:39:35,1SPT,603.21,Transcribed,Christopher Moser-Purdy,None,Light,None,None,None,,671917
BMS-MRP-15-15, 2022-06-15 07:52:22,1SPT,603.44,Transcribed,Christopher Moser-Purdy,None,Moderate,None,None,None,,671918
BMS-FMO-6-17, 2022-06-14 08:17:10,1SPT,600,Transcribed,Christopher Moser-Purdy,None,None,None,Light,None,,538810
BMS-FMO-6-20, 2022-06-14 06:46:44,1SPT,600,Transcribed,Christopher Moser-Purdy,None,None,None,Light,None,,538814
BMS-FMO-6-18, 2022-06-14 06:13:28,1SPT,600,Transcribed,Christopher Moser-Purdy,None,None,None,None,None,,538811
BMS-FMO-6-19, 2022-06-14 05:43:07,1SPT,599.83,Transcribed,Christopher Moser-Purdy,None,None,None,Light,None,,538815
BMS-GBP-70-25, 2022-06-10 04:41:30,1SPT,600,Transcribed,Christopher Moser-Purdy,None,Light,None,None,None,,538827
BMS-GBP-70-18, 2022-06-10 06:24:58,1SPT,600,Transcribed,Christopher Moser-Purdy,None,Light,None,None,None,,538826
BMS-GBP-70-22, 2022-06-10 05:20:07,1SPT,600,Transcribed,Christopher Moser-Purdy,None,Light,None,None,None,,538828
BMS-GBP-70-19, 2022-06-10 05:50:01,1SPT,600,Transcribed,Christopher Moser-Purdy,None,None,None,None,None,,539714
BMS-MMO-58-21, 2022-06-20 04:13:26,1SPT,600,Transcribed,Christopher Moser-Purdy,None,Light,None,None,None,,539717
BMS-MMO-58-22, 2022-06-20 04:36:44,1SPT,600,Transcribed,Christopher Moser-Purdy,None,Moderate,None,None,None,,539716
BMS-MMO-58-C3, 2022-06-20 05:20:06,1SPT,600,Transcribed,Christopher Moser-Purdy,None,Moderate,None,None,None,,539719
BMS-MMO-82-6, 2022-06-05 05:36:50,1SPT,600,Transcribed,Christopher Moser-Purdy,None,Light,None,None,None,,539732
BMS-MMO-82-5, 2022-06-05 06:05:56,1SPT,600,Transcribed,Christopher Moser-Purdy,None,Light,None,None,None,,539725
BMS-MMO-58-C2, 2022-06-20 07:28:23,1SPT,600,Transcribed,Christopher Moser-Purdy,None,Light,None,Light,None,,539720
BMS-MMO-58-C6, 2022-06-20 06:06:32,1SPT,600,Transcribed,Christopher Moser-Purdy,None,Light,None,None,None,,539723
BMS-MMO-82-2, 2022-06-05 04:33:11,1SPT,600,Transcribed,Christopher Moser-Purdy,None,Light,None,None,None,,539726
BMS-MMO-58-C1, 2022-06-20 08:04:11,1SPT,600,Transcribed,Christopher Moser-Purdy,None,Light,None,None,None,,539724
BMS-MMO-82-3, 2022-06-05 05:04:18,1SPT,600,Transcribed,Christopher Moser-Purdy,None,Moderate,None,None,None,,539727
BMS-MMO-82-13, 2022-06-05 07:10:34,1SPT,600,Transcribed,Christopher Moser-Purdy,None,None,None,Light,None,,539729
BMS-MMO-58-C4, 2022-06-20 06:55:32,1SPT,600,Transcribed,Christopher Moser-Purdy,None,Moderate,None,None,None,,539722
BMS-MMO-82-7, 2022-06-05 08:00:39,1SPT,600,Transcribed,Christopher Moser-Purdy,None,Light,None,None,None,,539728
BMS-MMO-82-1, 2022-06-05 08:54:00,1SPT,600,Transcribed,Christopher Moser-Purdy,None,Light,None,None,None,,539730
BMS-MMO-82-4, 2022-06-05 08:27:47,1SPT,600,Transcribed,Christopher Moser-Purdy,None,Light,None,None,None,,539731
BMS-MMO-82-8, 2022-06-05 06:39:23,1SPT,600,Transcribed,Christopher Moser-Purdy,None,Light,None,None,None,,539737
BMS-MMO-88-18, 2022-06-19 04:44:19,1SPT,600,Transcribed,Christopher Moser-Purdy,None,None,None,Light,None,,539761
BMS-MMO-88-5, 2022-06-19 07:25:41,1SPT,600,Transcribed,Christopher Moser-Purdy,None,Light,None,None,None,,539754
BMS-MMO-88-9, 2022-06-19 06:01:34,1SPT,600,Transcribed,Christopher Moser-Purdy,None,None,None,Light,None,,539762
BMS-MMO-88-8, 2022-06-19 06:24:06,1SPT,600,Transcribed,Christopher Moser-Purdy,None,None,None,Light,None,,539764
BMS-MMO-88-20, 2022-06-19 08:30:16,1SPT,600,Transcribed,Christopher Moser-Purdy,None,Light,None,None,None,,539760
BMS-MMO-88-21, 2022-06-19 04:18:36,1SPT,600,Transcribed,Christopher Moser-Purdy,None,None,None,Light,None,,539790
BMS-MMO-88-19, 2022-06-19 08:02:41,1SPT,600,Transcribed,Christopher Moser-Purdy,None,Moderate,None,None,None,,539789
BMS-MRP-14-10, 2022-06-01 06:34:31,1SPT,600,Transcribed,Christopher Moser-Purdy,None,Light,None,None,None,,539832
BMS-MRP-14-15, 2022-06-01 10:31:11,1SPT,600,Transcribed,Christopher Moser-Purdy,None,Light,None,None,None,,539835
BMS-MRP-14-11, 2022-06-01 08:44:15,1SPT,600,Transcribed,Christopher Moser-Purdy,None,Light,None,None,None,,539833
BMS-MMO-88-7, 2022-06-19 06:56:23,1SPT,600,Transcribed,Christopher Moser-Purdy,None,Light,None,None,None,,539807
BMS-MRP-14-12, 2022-06-01 09:51:58,1SPT,600,Transcribed,Christopher Moser-Purdy,None,Light,None,Moderate,None,Lots of noise from human moving around,539834
BMS-MRP-14-9, 2022-06-01 09:15:15,1SPT,600,Transcribed,Christopher Moser-Purdy,None,Light,None,Light,None,,539839
BMS-MRP-14-8, 2022-06-01 07:43:05,1SPT,600,Transcribed,Christopher Moser-Purdy,None,None,None,Light,None,Observer moving a lot. ARU too close,539841
BMS-MRP-14-7, 2022-06-01 07:11:54,1SPT,600,Transcribed,Christopher Moser-Purdy,None,Light,None,Light,None,"Observer moving, too close to ARU",539842
BMS-MRP-14-13, 2022-06-01 05:54:08,1SPT,600,Transcribed,Christopher Moser-Purdy,None,Moderate,None,None,None,,539867
BMS-MRP-21-24, 2022-06-02 05:29:28,1SPT,600,Transcribed,Christopher Moser-Purdy,None,Light,None,None,None,,540177
BMS-MRP-21-23, 2022-06-02 05:01:21,1SPT,600,Transcribed,Christopher Moser-Purdy,None,Light,None,Light,None,,540178
BMS-MRP-21-27, 2022-06-02 08:52:36,1SPT,600,Transcribed,Christopher Moser-Purdy,None,Moderate,None,None,None,,540182
BMS-MRP-15-20, 2022-06-15 06:30:56,1SPT,600,Transcribed,Christopher Moser-Purdy,None,Light,None,None,None,,540183
BMS-MRP-21-28, 2022-06-02 06:40:54,1SPT,600,Transcribed,Christopher Moser-Purdy,None,Light,None,None,None,,540184
BMS-MRP-21-31, 2022-06-02 07:20:52,1SPT,600,Transcribed,Christopher Moser-Purdy,None,Heavy,None,None,None,Would call this bad weather normally,540179
BMS-MRP-21-29, 2022-06-02 08:20:25,1SPT,600,Transcribed,Christopher Moser-Purdy,None,Light,None,None,None,,540189
BMS-MRP-15-14, 2022-06-15 08:03:03,1SPT,600,Transcribed,Christopher Moser-Purdy,None,Light,None,None,None,,540180
BMS-MRP-15-17, 2022-06-15 07:13:21,1SPT,600,Transcribed,Christopher Moser-Purdy,None,Light,None,None,None,,540186
BMS-MRP-21-26, 2022-06-02 09:17:31,1SPT,600,Transcribed,Christopher Moser-Purdy,None,Light,None,None,None,,540181
BMS-MRP-15-19, 2022-06-15 09:01:52,1SPT,600,Transcribed,Christopher Moser-Purdy,None,None,None,None,None,Recording starts a minute before point count starts,540187
BMS-MRP-21-30, 2022-06-02 07:50:52,1SPT,600,Transcribed,Christopher Moser-Purdy,None,None,None,Light,None,,540190
BMS-MRP-15-21, 2022-06-15 05:18:08,1SPT,600,Transcribed,Christopher Moser-Purdy,Light,Light,None,None,None,,540185
BMS-MRP-21-25, 2022-06-02 06:04:29,1SPT,600,Transcribed,Christopher Moser-Purdy,None,Light,None,None,None,,540188
BMS-NRA-51-37, 2022-06-18 05:56:30,1SPT,600,Transcribed,Christopher Moser-Purdy,None,None,None,Light,None,,540315
BMS-NRA-51-39, 2022-06-18 03:37:41,1SPT,600,Transcribed,Christopher Moser-Purdy,None,Light,None,None,None,Point count was stopped then started again at 90s,540338
BMS-PRP-54-14, 2022-06-07 05:14:00,1SPT,600,Transcribed,Christopher Moser-Purdy,None,Light,None,None,None,,540314
BMS-NRA-51-38, 2022-06-18 04:04:39,1SPT,600,Transcribed,Christopher Moser-Purdy,None,None,None,None,None,,540323
BMS-NRA-47-A1, 2022-06-17 07:38:49,1SPT,600,Transcribed,Christopher Moser-Purdy,None,None,None,None,None,,540329
BMS-PRP-54-B4, 2022-06-07 06:44:03,1SPT,600,Transcribed,Christopher Moser-Purdy,None,Light,None,None,None,,540335
BMS-NRA-51-40, 2022-06-18 06:23:51,1SPT,600,Transcribed,Christopher Moser-Purdy,None,None,None,Light,None,,540316
BMS-NRA-51-36, 2022-06-18 05:28:54,1SPT,600,Transcribed,Christopher Moser-Purdy,None,Light,None,None,None,,540336
BMS-NRA-51-8, 2022-06-18 04:45:51,1SPT,600,Transcribed,Christopher Moser-Purdy,None,None,None,Light,None,,540313
BMS-PRP-54-10, 2022-06-07 06:17:06,1SPT,600,Transcribed,Christopher Moser-Purdy,None,Light,None,None,None,,540322
BMS-PRP-62-26, 2022-06-04 09:11:09,1SPT,600,Transcribed,Christopher Moser-Purdy,None,None,None,None,None,,540337
BMS-NRA-51-42, 2022-06-18 07:13:52,1SPT,600,Transcribed,Christopher Moser-Purdy,None,None,None,Light,None,,540343
BMS-PRP-62-30, 2022-06-04 05:06:55,1SPT,600,Transcribed,Christopher Moser-Purdy,None,None,None,None,None,,540327
BMS-PRP-54-13, 2022-06-07 05:47:30,1SPT,600,Transcribed,Christopher Moser-Purdy,None,Light,None,None,None,,540330
BMS-PRP-62-31, 2022-06-04 08:44:47,1SPT,600,Transcribed,Christopher Moser-Purdy,None,None,None,None,None,,540345
BMS-PRP-62-29, 2022-06-04 08:09:31,1SPT,600,Transcribed,Christopher Moser-Purdy,None,None,None,None,None,,540328
BMS-PRP-62-34, 2022-06-04 06:18:03,1SPT,600,Transcribed,Christopher Moser-Purdy,None,None,None,None,None,,540344
BMS-NRA-47-25, 2022-06-17 06:56:41,1SPT,600,Transcribed,Christopher Moser-Purdy,None,Light,None,None,None,,540350
BMS-NRA-47-26, 2022-06-17 06:06:59,1SPT,600,Transcribed,Christopher Moser-Purdy,None,Moderate,None,None,None,,540352
BMS-NRA-47-22, 2022-06-17 08:23:40,1SPT,600,Transcribed,Christopher Moser-Purdy,None,Light,None,None,None,,540354
BMS-PRP-62-32, 2022-06-04 07:30:31,1SPT,600,Transcribed,Christopher Moser-Purdy,None,None,None,None,None,,540357
BMS-PRP-62-25, 2022-06-04 04:27:28,1SPT,600,Transcribed,Christopher Moser-Purdy,None,None,None,None,None,,540359
BMS-NRA-51-43, 2022-06-18 06:48:55,1SPT,600,Transcribed,Christopher Moser-Purdy,None,None,None,Moderate,None,,540361
BMS-PRP-87-2, 2022-06-11 08:14:18,1SPT,600,Transcribed,Christopher Moser-Purdy,None,None,None,Light,None,,540430
BMS-GBP-97-14, 2022-06-10 07:24:45,1SPT,600,Transcribed,Christopher Moser-Purdy,None,Light,None,None,None,,540441
BMS-PRP-87-4, 2022-06-11 08:43:20,1SPT,600,Transcribed,Christopher Moser-Purdy,None,None,None,Light,None,,540409
BMS-PRP-87-6, 2022-06-11 07:08:58,1SPT,600,Transcribed,Christopher Moser-Purdy,None,None,None,Moderate,None,,540419
BMS-GBP-97-19, 2022-06-10 08:21:18,1SPT,600,Transcribed,Christopher Moser-Purdy,None,Moderate,None,None,None,,540449
BMS-PRP-87-5, 2022-06-11 07:46:31,1SPT,600,Transcribed,Christopher Moser-Purdy,None,None,None,Moderate,None,,540418
BMS-PRP-87-A1, 2022-06-11 05:08:15,1SPT,600,Transcribed,Christopher Moser-Purdy,None,None,None,Moderate,None,,540429
BMS-PRP-63-10, 2022-06-16 03:56:55,1SPT,600,Transcribed,Christopher Moser-Purdy,None,None,None,Light,None,,540408
BMS-PRP-63-15, 2022-06-16 05:24:56,1SPT,600,Transcribed,Christopher Moser-Purdy,None,None,None,Light,None,,540417
BMS-GBP-97-21, 2022-06-10 04:23:01,1SPT,600,Transcribed,Christopher Moser-Purdy,None,Light,None,None,None,,540439
BMS-PRP-63-14, 2022-06-16 04:55:24,1SPT,600,Transcribed,Christopher Moser-Purdy,None,None,None,Light,None,,540422
BMS-GBP-97-18, 2022-06-10 04:53:40,1SPT,600,Transcribed,Christopher Moser-Purdy,None,Light,None,None,None,,540447
BMS-GBP-97-17, 2022-06-10 07:51:57,1SPT,600,Transcribed,Christopher Moser-Purdy,None,Light,None,None,None,,540448
BMS-PRP-87-A2, 2022-06-11 05:41:05,1SPT,600,Transcribed,Christopher Moser-Purdy,None,None,None,Light,None,,540410
BMS-PRP-63-5, 2022-06-16 08:01:17,1SPT,600,Transcribed,Christopher Moser-Purdy,None,None,None,Light,None,,540407
BMS-PRP-87-3, 2022-06-11 06:38:25,1SPT,600,Transcribed,Christopher Moser-Purdy,None,None,None,Light,None, ,540427
BMS-GBP-97-15, 2022-06-10 05:57:29,1SPT,600,Transcribed,Christopher Moser-Purdy,None,Light,None,None,None,,540440
BMS-PRP-87-A3, 2022-06-11 06:07:26,1SPT,600,Transcribed,Christopher Moser-Purdy,None,None,None,Moderate,None,,540428
BMS-GBP-97-12, 2022-06-10 06:27:49,1SPT,600,Transcribed,Christopher Moser-Purdy,None,Light,None,None,None,,540443
BMS-MMO-62-5, 2022-06-05 05:46:39,1SPT,600,Transcribed,Christopher Moser-Purdy,None,Light,None,Light,None,,540516
BMS-MMO-62-9, 2022-06-05 06:41:13,1SPT,600,Transcribed,Christopher Moser-Purdy,None,None,None,None,None,,540514
BMS-MMO-62-8, 2022-06-05 07:11:06,1SPT,600,Transcribed,Christopher Moser-Purdy,None,None,None,None,None,,540524
BMS-MMO-62-7, 2022-06-05 07:38:11,1SPT,600,Transcribed,Christopher Moser-Purdy,None,Light,None,None,None,,540515
BMS-MMO-62-A1, 2022-06-05 08:12:01,1SPT,600,Transcribed,Christopher Moser-Purdy,None,Light,None,None,None,,540528
BMS-MMO-58-D4, 2022-06-20 06:01:19,1SPT,600,Transcribed,Christopher Moser-Purdy,None,None,None,Moderate,None,,540527
BMS-MMO-58-D3, 2022-06-20 06:23:29,1SPT,600,Transcribed,Christopher Moser-Purdy,None,None,None,Moderate,None,,540535
BMS-MMO-62-6, 2022-06-05 06:11:48,1SPT,600,Transcribed,Christopher Moser-Purdy,None,None,None,Light,None,,540536
BMS-MMO-58-D2, 2022-06-20 07:42:50,1SPT,600,Transcribed,Christopher Moser-Purdy,None,None,None,Moderate,None,,540517
BMS-MMO-62-4, 2022-06-05 05:14:50,1SPT,600,Transcribed,Christopher Moser-Purdy,None,Light,None,None,None,,540526
BMS-MMO-62-A2, 2022-06-05 08:45:17,1SPT,600,Transcribed,Christopher Moser-Purdy,None,Light,None,None,None,,540537
BMS-MMO-58-D1, 2022-06-20 08:08:01,1SPT,600,Transcribed,Christopher Moser-Purdy,None,Light,None,Moderate,None,,540533
BMS-MMO-62-1, 2022-06-05 04:37:49,1SPT,600,Transcribed,Christopher Moser-Purdy,None,Light,None,Light,None,,540539
BMS-MMO-93-24, 2022-06-20 04:18:39,1SPT,600,Transcribed,Christopher Moser-Purdy,None,None,None,Moderate,None,,540605
BMS-MRP-18-29, 2022-06-04 07:00:28,1SPT,600,Transcribed,Christopher Moser-Purdy,None,None,None,None,None,,540606
BMS-MRP-17-25, 2022-06-02 07:08:14,1SPT,600,Transcribed,Christopher Moser-Purdy,None,Moderate,None,Heavy,None,,540604
BMS-MMO-65-4, 2022-06-19 06:55:56,1SPT,600,Transcribed,Christopher Moser-Purdy,None,None,None,Light,None,,540603
BMS-MRP-22-36, 2022-06-01 05:37:22,1SPT,600,Transcribed,Christopher Moser-Purdy,None,Light,None,Light,None,,540609
BMS-MRP-17-24, 2022-06-02 07:52:02,1SPT,600,Transcribed,Christopher Moser-Purdy,None,Light,None,Moderate,None,,540607
BMS-MRP-20-26, 2022-06-14 04:48:16,1SPT,600,Transcribed,Christopher Moser-Purdy,None,None,None,None,None,,540608
BMS-MRP-20-25, 2022-06-14 05:20:53,1SPT,600,Transcribed,Christopher Moser-Purdy,None,None,None,None,None,,540610
BMS-MRP-22-33, 2022-06-01 06:15:42,1SPT,600,Transcribed,Christopher Moser-Purdy,None,None,None,None,None,"",540611
BMS-MRP-17-19, 2022-06-02 05:57:24,1SPT,600,Transcribed,Christopher Moser-Purdy,None,Light,None,None,None,,540613
BMS-MRP-18-32, 2022-06-04 07:44:49,1SPT,600,Transcribed,Christopher Moser-Purdy,None,None,None,None,None,"",540612
BMS-MRP-17-C2, 2022-06-02 09:14:29,1SPT,600,Transcribed,Christopher Moser-Purdy,None,Light,None,Moderate,None,Observer too close to ARU,540621
BMS-MMO-65-11, 2022-06-19 07:48:56,1SPT,600,Transcribed,Christopher Moser-Purdy,None,None,None,Light,None,,540614
BMS-MRP-17-23, 2022-06-02 08:38:58,1SPT,600,Transcribed,Christopher Moser-Purdy,None,Light,None,None,None,,540616
BMS-MRP-20-27, 2022-06-14 06:24:49,1SPT,600,Transcribed,Christopher Moser-Purdy,None,None,None,Light,None,,540624
BMS-MMO-93-F2, 2022-06-20 06:48:52,1SPT,600,Transcribed,Christopher Moser-Purdy,None,Light,None,None,None,,540618
BMS-MRP-20-8, 2022-06-14 07:30:23,1SPT,600,Transcribed,Christopher Moser-Purdy,None,None,None,None,None,,540619
BMS-MMO-65-13, 2022-06-19 04:48:29,1SPT,600,Transcribed,Christopher Moser-Purdy,None,None,None,Light,None,,540622
BMS-MRP-22-30, 2022-06-01 07:11:27,1SPT,600,Transcribed,Christopher Moser-Purdy,None,None,None,Light,None,,540615
BMS-MMO-65-16, 2022-06-19 04:18:37,1SPT,600,Transcribed,Christopher Moser-Purdy,None,None,None,Light,None,,540623
BMS-MRP-17-A4, 2022-06-02 04:52:19,1SPT,600,Transcribed,Christopher Moser-Purdy,None,Moderate,None,None,None,,540617
BMS-MRP-20-24, 2022-06-14 06:56:52,1SPT,600,Transcribed,Christopher Moser-Purdy,None,None,None,None,None,,540620
BMS-MRP-18-28, 2022-06-04 05:15:03,1SPT,600,Transcribed,Christopher Moser-Purdy,None,None,None,Light,None,,540626
BMS-MRP-18-26, 2022-06-04 06:22:27,1SPT,600,Transcribed,Christopher Moser-Purdy,None,None,None,None,None,,540627
BMS-MMO-65-7, 2022-06-19 07:22:42,1SPT,600,Transcribed,Christopher Moser-Purdy,None,None,None,Light,None,Point count starts 35s after recording starts,540628
BMS-MMO-93-F1, 2022-06-20 07:16:39,1SPT,600,Transcribed,Christopher Moser-Purdy,None,None,None,Light,None,,540630
BMS-MRP-17-22, 2022-06-02 06:29:46,1SPT,600,Transcribed,Christopher Moser-Purdy,None,Light,None,Heavy,None,,540633
BMS-MMO-65-3, 2022-06-19 06:25:31,1SPT,600,Transcribed,Christopher Moser-Purdy,None,Light,None,None,None,,540625
BMS-MMO-93-21, 2022-06-20 04:48:11,1SPT,600,Transcribed,Christopher Moser-Purdy,None,None,None,Light,None,,540634
BMS-MRP-22-34, 2022-06-01 10:21:15,1SPT,600,Transcribed,Christopher Moser-Purdy,None,None,None,Light,None,,540629
BMS-MMO-65-10, 2022-06-19 05:18:56,1SPT,600,Transcribed,Christopher Moser-Purdy,None,None,None,Moderate,None,,540631
BMS-MMO-65-14, 2022-06-19 08:11:19,1SPT,600,Transcribed,Christopher Moser-Purdy,None,None,None,Moderate,None,,540632
BMS-MRP-20-A3, 2022-06-14 08:27:38,1SPT,600,Transcribed,Christopher Moser-Purdy,None,None,None,None,None,,540635
BMS-MRP-18-33, 2022-06-04 08:17:53,1SPT,600,Transcribed,Christopher Moser-Purdy,None,None,None,None,None,,540636
BMS-MRP-18-31, 2022-06-04 04:43:52,1SPT,600,Transcribed,Christopher Moser-Purdy,None,None,None,Light,None,,540638
BMS-MMO-65-6, 2022-06-19 05:50:58,1SPT,600,Transcribed,Christopher Moser-Purdy,None,None,None,Moderate,None,,540637
BMS-MRP-22-31, 2022-06-01 09:34:41,1SPT,600,Transcribed,Christopher Moser-Purdy,None,None,None,Moderate,None,,540639
BMS-MRP-20-7, 2022-06-14 07:58:47,1SPT,600,Transcribed,Christopher Moser-Purdy,None,None,None,None,None,,540640
BMS-NEW-2-6, 2022-06-15 07:02:09,1SPT,600,Transcribed,Christopher Moser-Purdy,Moderate,Light,None,None,None,,540650
BMS-NRA-32-7, 2022-06-17 06:05:36,1SPT,600,Transcribed,Christopher Moser-Purdy,None,None,None,None,None,,540652
BMS-NRA-32-9, 2022-06-17 07:07:13,1SPT,600,Transcribed,Christopher Moser-Purdy,None,None,None,None,None,,540641
BMS-NRA-36-13, 2022-06-18 05:06:15,1SPT,600,Transcribed,Christopher Moser-Purdy,None,None,None,None,None,,540646
BMS-NEW-2-17, 2022-06-15 08:19:33,1SPT,600,Transcribed,Christopher Moser-Purdy,None,Moderate,None,None,None,,540648
BMS-NRA-36-9, 2022-06-18 06:47:07,1SPT,600,Transcribed,Christopher Moser-Purdy,None,None,None,None,None,,540642
BMS-NRA-32-2, 2022-06-17 04:29:35,1SPT,600,Transcribed,Christopher Moser-Purdy,None,None,None,None,None,,540643
BMS-NEW-2-8, 2022-06-15 04:56:54,1SPT,600,Transcribed,Christopher Moser-Purdy,None,Light,None,None,None,,540644
BMS-NEW-2-16, 2022-06-15 07:42:30,1SPT,600,Transcribed,Christopher Moser-Purdy,Light,Moderate,None,None,None,,540651
BMS-NRA-36-3, 2022-06-18 07:51:47,1SPT,600,Transcribed,Christopher Moser-Purdy,None,None,None,Light,None,,540645
BMS-NRA-32-8, 2022-06-17 06:35:29,1SPT,600,Transcribed,Christopher Moser-Purdy,None,None,None,Light,None,Observer too close to ARU,540653
BMS-NRA-32-3, 2022-06-17 04:02:08,1SPT,600,Transcribed,Christopher Moser-Purdy,None,None,None,Moderate,None,Observer moving too much/too close to ARU,540654
BMS-NEW-2-9, 2022-06-15 05:29:02,1SPT,600,Transcribed,Christopher Moser-Purdy,Heavy,Moderate,None,None,None,Point count doesn't start til 25s after recording starts; normally wouldn't process a recording in this weather,540656
BMS-NRA-36-14, 2022-06-18 04:28:12,1SPT,600,Transcribed,Christopher Moser-Purdy,None,None,None,Light,None,,540655
BMS-NRA-32-6, 2022-06-17 07:38:13,1SPT,600,Transcribed,Christopher Moser-Purdy,None,None,None,None,None,,540647
BMS-NEW-2-7, 2022-06-15 04:31:54,1SPT,600,Transcribed,Christopher Moser-Purdy,None,Light,None,None,None,,540649
BMS-NRA-36-12, 2022-06-18 05:36:01,1SPT,600,Transcribed,Christopher Moser-Purdy,None,None,None,Light,None,,540657
BMS-PRP-80-16, 2022-06-11 06:20:16,1SPT,600,Transcribed,Christopher Moser-Purdy,None,None,None,Light,None,,540673
BMS-PRP-83-22, 2022-06-16 07:57:07,1SPT,600,Transcribed,Christopher Moser-Purdy,None,None,None,Light,None,"",540671
BMS-PRP-71-C1, 2022-06-07 07:21:43,1SPT,600,Transcribed,Christopher Moser-Purdy,None,None,None,Moderate,None,,540672
BMS-PRP-80-15, 2022-06-11 05:55:23,1SPT,600,Transcribed,Christopher Moser-Purdy,None,None,None,Light,None,,540674
BMS-PRP-80-C3, 2022-06-11 07:09:06,1SPT,600,Transcribed,Christopher Moser-Purdy,None,None,None,Moderate,None,,540670
BMS-PRP-71-19, 2022-06-07 06:23:11,1SPT,600,Transcribed,Christopher Moser-Purdy,None,None,None,Moderate,None,,540675
BMS-PRP-80-C5, 2022-06-11 07:56:48,1SPT,600,Transcribed,Christopher Moser-Purdy,None,None,None,Light,None,,540676
BMS-PRP-83-23, 2022-06-16 08:27:07,1SPT,600,Transcribed,Christopher Moser-Purdy,None,Light,None,Light,None,,540669
BMS-PRP-83-5, 2022-06-16 06:15:20,1SPT,600,Transcribed,Christopher Moser-Purdy,None,None,None,Light,None,Point count starts 31s after recording starts,540677
BMS-PRP-80-C6, 2022-06-11 06:45:54,1SPT,600,Transcribed,Christopher Moser-Purdy,None,None,None,Light,None,,540678
BMS-PRP-83-21, 2022-06-16 07:30:06,1SPT,600,Transcribed,Christopher Moser-Purdy,None,Light,None,Light,None,,540679
BMS-PRP-71-18, 2022-06-07 04:43:29,1SPT,600,Transcribed,Christopher Moser-Purdy,None,None,None,Moderate,None,,540680
BMS-PRP-80-C1, 2022-06-11 04:37:37,1SPT,600,Transcribed,Christopher Moser-Purdy,None,Light,None,Light,None,,540681
BMS-PRP-80-14, 2022-06-11 05:35:03,1SPT,600,Transcribed,Christopher Moser-Purdy,None,None,None,Light,None,,540687
BMS-PRP-83-3, 2022-06-16 06:44:57,1SPT,600,Transcribed,Christopher Moser-Purdy,None,Light,None,Light,None,,540682
BMS-PRP-71-21, 2022-06-07 06:50:22,1SPT,600,Transcribed,Christopher Moser-Purdy,None,None,None,Light,None,,540684
BMS-PRP-83-6, 2022-06-16 05:32:38,1SPT,600,Transcribed,Christopher Moser-Purdy,None,Moderate,None,None,None,Point count doesn't start until 55s after recording starts (nothing vocalizing before though),540683
BMS-PRP-71-17, 2022-06-07 05:53:59,1SPT,600,Transcribed,Christopher Moser-Purdy,None,None,None,Moderate,None,,540688
BMS-PRP-80-C4, 2022-06-11 05:08:52,1SPT,600,Transcribed,Christopher Moser-Purdy,None,None,None,Light,None,Observer too close to ARU,540689
BMS-PRP-83-A2, 2022-06-16 03:56:52,1SPT,600,Transcribed,Christopher Moser-Purdy,None,None,None,Light,None,,540685
BMS-PRP-71-16, 2022-06-07 05:21:44,1SPT,600,Transcribed,Christopher Moser-Purdy,None,None,None,Moderate,None,,540686
BMS-MMO-62-15, 2022-06-05 04:35:37,1SPT,600,Transcribed,Christopher Moser-Purdy,None,None,None,Light,None,,540692
BMS-MMO-62-16, 2022-06-05 06:41:16,1SPT,600,Transcribed,Christopher Moser-Purdy,None,None,None,None,None,,540690
BMS-MMO-62-14, 2022-06-05 05:56:18,1SPT,600,Transcribed,Christopher Moser-Purdy,None,None,None,Light,None,,540691
BMS-GBP-97-30, 2022-06-10 06:37:32,1SPT,600,Transcribed,Christopher Moser-Purdy,None,None,None,None,None,,540693
BMS-MMO-62-B1, 2022-06-05 07:33:16,1SPT,600,Transcribed,Christopher Moser-Purdy,None,None,None,Light,None,,540697
BMS-MMO-62-11, 2022-06-05 05:29:32,1SPT,600,Transcribed,Christopher Moser-Purdy,None,None,None,None,None,,540694
BMS-MMO-62-18, 2022-06-05 07:59:15,1SPT,600,Transcribed,Christopher Moser-Purdy,None,None,None,Light,None,,540695
BMS-GBP-97-29, 2022-06-10 04:52:06,1SPT,600,Transcribed,Christopher Moser-Purdy,None,Moderate,None,None,None,,540696
BMS-GBP-97-32, 2022-06-10 05:15:12,1SPT,600,Transcribed,Christopher Moser-Purdy,None,Light,None,None,None,,540698
BMS-MMO-62-13, 2022-06-05 06:18:22,1SPT,600,Transcribed,Christopher Moser-Purdy,None,None,None,Moderate,None,,540699
BMS-GBP-97-28, 2022-06-10 07:27:45,1SPT,600,Transcribed,Christopher Moser-Purdy,None,Light,None,None,None,,540701
BMS-GBP-97-26, 2022-06-10 04:27:41,1SPT,600,Transcribed,Christopher Moser-Purdy,None,Light,None,None,None,,540700
BMS-MRP-17-16, 2022-06-02 08:33:54,1SPT,600,Transcribed,Christopher Moser-Purdy,None,Light,None,Moderate,None,Observer too close to ARU,569696
BMS-MRP-20-6, 2022-06-14 04:41:15,1SPT,600,Transcribed,Christopher Moser-Purdy,None,None,None,None,None,,569699
BMS-MRP-20-4, 2022-06-14 06:27:17,1SPT,600,Transcribed,Christopher Moser-Purdy,None,None,None,None,None,,569701
BMS-MRP-22-19, 2022-06-01 09:12:52,1SPT,600,Transcribed,Christopher Moser-Purdy,None,None,None,None,None,,569702
BMS-MRP-22-16, 2022-06-01 07:45:11,1SPT,600,Transcribed,Christopher Moser-Purdy,None,None,None,Moderate,None,Observer too close to ARU,569717
BMS-NRA-36-6, 2022-06-18 03:58:38,1SPT,600,Transcribed,Christopher Moser-Purdy,None,None,None,Light,None,,569733
BMS-NEW-2-5, 2022-06-15 07:04:56,1SPT,600,Transcribed,Christopher Moser-Purdy,Moderate,Light,None,None,None,Point count starts 24s after recording,569742
BMS-PRP-80-A2, 2022-06-11 06:56:55,1SPT,600,Transcribed,Christopher Moser-Purdy,None,None,None,Light,None,,569766
BMS-NRA-36-2, 2022-06-18 04:54:18,1SPT,600,Transcribed,Christopher Moser-Purdy,None,None,None,Light,None,,569724
BMS-NEW-2-3, 2022-06-15 07:46:01,1SPT,600,Transcribed,Christopher Moser-Purdy,None,Light,None,None,None,Point count starts 35s after recording starts,569725
BMS-NEW-2-13, 2022-06-15 08:16:44,1SPT,600,Transcribed,Christopher Moser-Purdy,None,Moderate,None,None,None,,569727
BMS-PRP-80-4, 2022-06-11 05:24:36,1SPT,600,Transcribed,Christopher Moser-Purdy,None,Light,None,Light,None,Observer too close to ARU,569771
BMS-PRP-62-21, 2022-06-04 04:49:18,1SPT,602.27,Transcribed,Christopher Moser-Purdy,None,None,None,None,None,,697776
BMS-PRP-63-2, 2022-06-16 07:22:50,1SPT,604.55,Transcribed,Christopher Moser-Purdy,None,None,None,Light,None,,697812
BMS-MMO-93-26, 2022-06-20 04:37:45,1SPT,600,Transcribed,Christopher Moser-Purdy,None,Light,None,Light,None,,569650
BMS-MMO-65-31, 2022-06-19 07:52:28,1SPT,600,Transcribed,Christopher Moser-Purdy,None,None,None,Moderate,None,,569651
BMS-MMO-65-28, 2022-06-19 07:30:48,1SPT,600,Transcribed,Christopher Moser-Purdy,None,None,None,Moderate,None,,569652
BMS-MMO-65-34, 2022-06-19 08:14:26,1SPT,600,Transcribed,Christopher Moser-Purdy,None,None,None,Moderate,None,,569653
BMS-MMO-93-28, 2022-06-20 07:38:54,1SPT,600,Transcribed,Christopher Moser-Purdy,None,None,None,Moderate,None,,569654
BMS-MMO-65-D1, 2022-06-19 05:11:42,1SPT,600,Transcribed,Christopher Moser-Purdy,None,None,None,Moderate,None,,569655
BMS-MMO-93-30, 2022-06-20 05:30:10,1SPT,600,Transcribed,Christopher Moser-Purdy,None,None,None,Moderate,None,,569656
BMS-MMO-65-33, 2022-06-19 06:42:09,1SPT,600,Transcribed,Christopher Moser-Purdy,None,None,None,Moderate,None,,569657
BMS-PRP-63-4, 2022-06-16 06:31:01,1SPT,600,Transcribed,Christopher Moser-Purdy,None,None,None,Moderate,None,,569658
BMS-PRP-62-33, 2022-06-04 05:45:19,1SPT,600,Transcribed,Christopher Moser-Purdy,None,None,None,None,None,,569661
BMS-MRP-18-25, 2022-06-04 05:50:32,1SPT,600,Transcribed,Christopher Moser-Purdy,None,None,None,None,None,,569662
BMS-PRP-63-11, 2022-06-16 04:28:15,1SPT,600,Transcribed,Christopher Moser-Purdy,None,None,None,Light,None,,569659
BMS-GBP-97-13, 2022-06-10 06:55:11,1SPT,600,Transcribed,Christopher Moser-Purdy,None,Moderate,None,None,None,Point count starts 23s after recording,569663
BMS-PRP-63-12, 2022-06-16 05:53:42,1SPT,600,Transcribed,Christopher Moser-Purdy,None,None,None,Light,None,,569660
BMS-PRP-80-C2, 2022-06-11 07:33:36,1SPT,600,Transcribed,Christopher Moser-Purdy,None,None,None,Moderate,None,,569664
BMS-NRA-51-41, 2022-06-18 07:41:32,1SPT,600,Transcribed,Christopher Moser-Purdy,None,None,None,None,None,,569665
BMS-PRP-54-15, 2022-06-07 04:43:57,1SPT,600,Transcribed,Christopher Moser-Purdy,None,Light,None,None,None,,569667
BMS-PRP-63-1, 2022-06-16 06:57:58,1SPT,600,Transcribed,Christopher Moser-Purdy,None,None,None,Light,None,,569673
BMS-MRP-22-9, 2022-06-01 08:50:30,1SPT,600,Transcribed,Christopher Moser-Purdy,None,None,None,Heavy,None,,569666
BMS-PRP-62-35, 2022-06-04 06:47:50,1SPT,600,Transcribed,Christopher Moser-Purdy,None,None,None,None,None,,569668
BMS-MMO-93-27, 2022-06-20 05:04:28,1SPT,600,Transcribed,Christopher Moser-Purdy,None,Light,None,Light,None,,569672
BMS-MRP-17-18, 2022-06-02 05:18:54,1SPT,600,Transcribed,Christopher Moser-Purdy,None,Moderate,None,None,None,,569669
BMS-MMO-93-E1, 2022-06-20 06:20:12,1SPT,600,Transcribed,Christopher Moser-Purdy,None,None,None,Moderate,None,,569671
BMS-MMO-65-32, 2022-06-19 07:06:14,1SPT,600,Transcribed,Christopher Moser-Purdy,None,None,None,Moderate,None,,569670
BMS-MMO-93-33, 2022-06-20 05:57:29,1SPT,600,Transcribed,Christopher Moser-Purdy,None,None,None,Moderate,None,,569674
BMS-MMO-65-52, 2022-06-19 05:34:59,1SPT,600,Transcribed,Christopher Moser-Purdy,None,None,None,Light,None,,569677
BMS-MMO-65-29, 2022-06-19 05:58:49,1SPT,600,Transcribed,Christopher Moser-Purdy,None,None,None,Light,None,,569678
BMS-MMO-65-17, 2022-06-19 04:18:14,1SPT,600,Transcribed,Christopher Moser-Purdy,None,None,None,Light,None,,569675
BMS-GBP-97-25, 2022-06-10 07:56:13,1SPT,600,Transcribed,Christopher Moser-Purdy,None,Light,None,None,None,,569676
BMS-MMO-93-32, 2022-06-20 06:46:20,1SPT,600,Transcribed,Christopher Moser-Purdy,None,None,None,Light,None,,569679
BMS-MRP-17-11, 2022-06-02 05:18:53,1SPT,600,Transcribed,Christopher Moser-Purdy,None,Light,None,Moderate,None,,569690
BMS-MRP-18-23, 2022-06-04 06:57:03,1SPT,600,Transcribed,Christopher Moser-Purdy,Light,None,None,None,None,,569692
BMS-MRP-17-13, 2022-06-02 08:05:02,1SPT,600,Transcribed,Christopher Moser-Purdy,None,Light,None,None,None,,569694
BMS-MRP-17-14, 2022-06-02 05:50:42,1SPT,600,Transcribed,Christopher Moser-Purdy,None,None,None,Heavy,None,,569684
BMS-MRP-17-C1, 2022-06-02 09:02:35,1SPT,600,Transcribed,Christopher Moser-Purdy,None,Light,None,Moderate,None,,569697
BMS-MRP-17-15, 2022-06-02 06:22:59,1SPT,600,Transcribed,Christopher Moser-Purdy,None,Moderate,None,None,None,,569686
BMS-MRP-18-21, 2022-06-04 06:02:54,1SPT,600,Transcribed,Christopher Moser-Purdy,None,None,None,None,None,,569691
BMS-MRP-18-19, 2022-06-04 07:49:38,1SPT,600,Transcribed,Christopher Moser-Purdy,None,None,None,None,None,,569680
BMS-MRP-17-9, 2022-06-02 07:16:55,1SPT,600,Transcribed,Christopher Moser-Purdy,None,Moderate,None,None,None,,569681
BMS-MRP-17-12, 2022-06-02 06:49:08,1SPT,600,Transcribed,Christopher Moser-Purdy,None,Light,None,None,None,,569682
BMS-MRP-17-10, 2022-06-02 07:42:16,1SPT,600,Transcribed,Christopher Moser-Purdy,None,Light,None,Light,None,Observer too close to ARU,569688
BMS-MRP-18-16, 2022-06-04 04:45:18,1SPT,600,Transcribed,Christopher Moser-Purdy,None,None,None,None,None,,569683
BMS-MRP-18-18, 2022-06-04 05:37:43,1SPT,600,Transcribed,Christopher Moser-Purdy,None,None,None,None,None,,569695
BMS-MRP-17-8, 2022-06-02 04:46:20,1SPT,600,Transcribed,Christopher Moser-Purdy,None,Moderate,None,None,None,,569693
BMS-MRP-18-24, 2022-06-04 06:28:08,1SPT,600,Transcribed,Christopher Moser-Purdy,None,None,None,None,None,,569685
BMS-MRP-18-22, 2022-06-04 08:14:12,1SPT,600,Transcribed,Christopher Moser-Purdy,None,None,None,None,None,,569687
BMS-MRP-18-17, 2022-06-04 05:11:46,1SPT,600,Transcribed,Christopher Moser-Purdy,None,None,None,None,None,,569689
BMS-MRP-19-8, 2022-06-06 04:43:33,1SPT,600,Transcribed,Christopher Moser-Purdy,None,Moderate,None,None,None,"",569698
BMS-MRP-20-A2, 2022-06-14 08:32:04,1SPT,600,Transcribed,Christopher Moser-Purdy,None,None,None,None,None,,569700
BMS-MRP-19-12, 2022-06-06 06:40:56,1SPT,600,Transcribed,Christopher Moser-Purdy,None,Light,None,None,None,,569710
BMS-MRP-20-5, 2022-06-14 06:04:21,1SPT,600,Transcribed,Christopher Moser-Purdy,None,None,None,None,None,,569715
BMS-MRP-19-6, 2022-06-06 05:37:50,1SPT,600,Transcribed,Christopher Moser-Purdy,None,Light,None,None,None,,569718
BMS-MRP-22-13, 2022-06-01 08:13:55,1SPT,600,Transcribed,Christopher Moser-Purdy,None,None,None,Moderate,None,Observer too close to ARU,569703
BMS-MRP-19-7, 2022-06-06 05:09:48,1SPT,600,Transcribed,Christopher Moser-Purdy,None,Moderate,None,None,None,,569711
BMS-MRP-22-22, 2022-06-01 06:40:13,1SPT,600,Transcribed,Christopher Moser-Purdy,None,None,None,Heavy,None,,569704
BMS-MRP-22-20, 2022-06-01 08:46:45,1SPT,600,Transcribed,Christopher Moser-Purdy,None,None,None,Moderate,None,Observer too close to ARU,569709
BMS-MRP-19-10, 2022-06-06 07:44:11,1SPT,600,Transcribed,Christopher Moser-Purdy,None,Moderate,None,None,None,,569721
BMS-MRP-19-9, 2022-06-06 06:13:01,1SPT,600,Transcribed,Christopher Moser-Purdy,None,Light,None,None,None,,569705
BMS-MRP-20-A1, 2022-06-14 07:16:07,1SPT,600,Transcribed,Christopher Moser-Purdy,None,None,None,None,None,,569714
BMS-MRP-22-25, 2022-06-01 06:14:14,1SPT,600,Transcribed,Christopher Moser-Purdy,None,Light,None,Light,None,,569712
BMS-MRP-22-27, 2022-06-01 05:22:16,1SPT,600,Transcribed,Christopher Moser-Purdy,None,Light,None,None,None,,569707
BMS-MRP-22-23, 2022-06-01 07:15:57,1SPT,600,Transcribed,Christopher Moser-Purdy,None,None,None,Light,None,,569706
BMS-MRP-20-1, 2022-06-14 06:52:26,1SPT,600,Transcribed,Christopher Moser-Purdy,None,None,None,None,None,,569708
BMS-MRP-19-11, 2022-06-06 08:46:57,1SPT,600,Transcribed,Christopher Moser-Purdy,None,Moderate,None,None,None,,569720
BMS-MRP-19-13, 2022-06-06 07:13:19,1SPT,600,Transcribed,Christopher Moser-Purdy,None,Light,None,None,None,,569713
BMS-MRP-22-26, 2022-06-01 05:48:00,1SPT,600,Transcribed,Christopher Moser-Purdy,None,None,None,None,None,,569716
BMS-MRP-19-14, 2022-06-06 08:20:34,1SPT,600,Transcribed,Christopher Moser-Purdy,None,Moderate,None,None,None,,569719
BMS-NRA-32-21, 2022-06-17 07:24:30,1SPT,600,Transcribed,Christopher Moser-Purdy,None,None,None,None,None,,569722
BMS-NRA-32-11, 2022-06-17 04:30:03,1SPT,600,Transcribed,Christopher Moser-Purdy,None,None,None,None,None,,569728
BMS-NRA-36-1, 2022-06-18 08:13:17,1SPT,600,Transcribed,Christopher Moser-Purdy,None,Light,None,None,None,,569723
BMS-NRA-32-23, 2022-06-17 06:38:44,1SPT,600,Transcribed,Christopher Moser-Purdy,None,None,None,None,None,,569726
BMS-NRA-36-29, 2022-06-18 05:48:26,1SPT,600,Transcribed,Christopher Moser-Purdy,None,None,None,Light,None,,569729
BMS-NRA-36-27, 2022-06-18 06:41:58,1SPT,600,Transcribed,Christopher Moser-Purdy,None,None,None,Light,None,,569732
BMS-NRA-32-22, 2022-06-17 07:02:00,1SPT,600,Transcribed,Christopher Moser-Purdy,None,None,None,None,None,Point count starts 26s after Recording,569730
BMS-NRA-36-30, 2022-06-18 07:06:10,1SPT,600,Transcribed,Christopher Moser-Purdy,None,None,None,Light,None,,569731
BMS-NRA-32-14, 2022-06-17 05:18:34,1SPT,600,Transcribed,Christopher Moser-Purdy,None,None,None,None,None,,569735
BMS-NRA-32-18, 2022-06-17 07:47:40,1SPT,600,Transcribed,Christopher Moser-Purdy,None,None,None,None,None,,569734
BMS-NRA-32-15, 2022-06-17 08:12:54,1SPT,600,Transcribed,Christopher Moser-Purdy,None,None,None,None,None,,569740
BMS-NEW-2-2, 2022-06-15 05:33:38,1SPT,600,Transcribed,Christopher Moser-Purdy,Moderate,None,None,None,None,,569736
BMS-NEW-2-4, 2022-06-15 04:35:02,1SPT,600,Transcribed,Christopher Moser-Purdy,None,Light,None,None,None,,569737
BMS-NRA-36-32, 2022-06-18 05:24:03,1SPT,600,Transcribed,Christopher Moser-Purdy,None,None,None,Light,None,,569739
BMS-NRA-32-17, 2022-06-17 05:43:23,1SPT,600,Transcribed,Christopher Moser-Purdy,None,None,None,None,None,,569738
BMS-NRA-32-16, 2022-06-17 06:12:17,1SPT,600,Transcribed,Christopher Moser-Purdy,None,None,None,None,None,,569743
BMS-NRA-36-4, 2022-06-18 04:26:08,1SPT,600,Transcribed,Christopher Moser-Purdy,None,None,None,None,None,,569741
BMS-PRP-83-A1, 2022-06-16 03:57:55,1SPT,600,Transcribed,Christopher Moser-Purdy,None,Light,None,Moderate,None,,569779
BMS-PRP-83-15, 2022-06-16 06:25:55,1SPT,600,Transcribed,Christopher Moser-Purdy,None,None,None,Light,None,,569780
BMS-PRP-80-A3, 2022-06-11 07:25:23,1SPT,600,Transcribed,Christopher Moser-Purdy,None,None,None,Moderate,None,Point count starts 16s after recording,569782
BMS-PRP-83-17, 2022-06-16 07:17:28,1SPT,600,Transcribed,Christopher Moser-Purdy,None,None,None,Light,None,,569781
BMS-PRP-80-3, 2022-06-11 04:59:36,1SPT,600,Transcribed,Christopher Moser-Purdy,None,None,None,Light,None,,569785
BMS-PRP-83-19, 2022-06-16 08:02:14,1SPT,600,Transcribed,Christopher Moser-Purdy,None,Light,None,Light,None,,569784
BMS-PRP-71-A1, 2022-06-07 07:03:31,1SPT,600,Transcribed,Christopher Moser-Purdy,None,None,None,Light,None,,569783
BMS-PRP-83-1, 2022-06-16 04:51:23,1SPT,600,Transcribed,Christopher Moser-Purdy,None,Moderate,None,None,None,,569769
BMS-PRP-71-4, 2022-06-07 07:27:38,1SPT,600,Transcribed,Christopher Moser-Purdy,None,None,None,None,None,Point count starts 17s after recording,569763
BMS-PRP-80-2, 2022-06-11 06:08:24,1SPT,600,Transcribed,Christopher Moser-Purdy,None,None,None,Light,None,,569765
BMS-PRP-71-A2, 2022-06-07 06:32:25,1SPT,600,Transcribed,Christopher Moser-Purdy,None,None,None,Light,None,,569764
BMS-PRP-80-5, 2022-06-11 07:51:18,1SPT,600,Transcribed,Christopher Moser-Purdy,None,None,None,Light,None,,569767
BMS-PRP-80-A1, 2022-06-11 06:31:28,1SPT,600,Transcribed,Christopher Moser-Purdy,None,None,None,Light,None,,569770
BMS-PRP-83-4, 2022-06-16 05:20:49,1SPT,600,Transcribed,Christopher Moser-Purdy,None,Light,None,Light,None,,569768
BMS-PRP-80-1, 2022-06-11 05:47:18,1SPT,600,Transcribed,Christopher Moser-Purdy,None,Light,None,None,None,,569772
BMS-PRP-83-2, 2022-06-16 04:26:45,1SPT,600,Transcribed,Christopher Moser-Purdy,None,Light,None,Moderate,None,,569773
BMS-PRP-71-A3, 2022-06-07 06:04:18,1SPT,600,Transcribed,Christopher Moser-Purdy,None,None,None,Moderate,None,,569775
BMS-PRP-71-6, 2022-06-07 05:40:18,1SPT,600,Transcribed,Christopher Moser-Purdy,None,None,None,Light,None,,569778
BMS-PRP-83-20, 2022-06-16 07:40:15,1SPT,600,Transcribed,Christopher Moser-Purdy,None,None,None,Light,None,,569774
BMS-PRP-83-A2, 2022-06-16 05:46:43,1SPT,600,Transcribed,Christopher Moser-Purdy,None,None,None,Light,None,,569776
BMS-PRP-71-5, 2022-06-07 05:14:48,1SPT,600,Transcribed,Christopher Moser-Purdy,None,None,None,Light,None,,569777
BMS-FMO-6-C1, 2022-06-14 04:33:40,1SPT,600,Transcribed,Christopher Moser-Purdy,None,None,None,Light,None,,570016
BMS-FMO-6-21, 2022-06-14 07:45:25,1SPT,600,Transcribed,Christopher Moser-Purdy,None,None,None,None,None,,570013
BMS-FMO-6-25, 2022-06-14 06:17:33,1SPT,600,Transcribed,Christopher Moser-Purdy,None,None,None,None,None,,570014
BMS-FMO-6-24, 2022-06-14 06:57:58,1SPT,600,Transcribed,Christopher Moser-Purdy,None,None,None,Moderate,None,,570015
BMS-FMO-6-22, 2022-06-14 05:32:07,1SPT,600,Transcribed,Christopher Moser-Purdy,None,None,None,None,None,,570017
BMS-MRP-18-27, 2022-06-04 08:39:03,1SPT,600,Transcribed,Christopher Moser-Purdy,Light,None,None,None,None,,570025
BMS-PRP-62-16, 2022-06-04 05:23:51,1SPT,600,Transcribed,Christopher Moser-Purdy,None,None,None,None,None,,570048
BMS-PRP-62-13, 2022-06-04 05:58:41,1SPT,600,Transcribed,Christopher Moser-Purdy,None,None,None,Light,None,,570050
BMS-PRP-62-8, 2022-06-04 08:42:38,1SPT,600,Transcribed,Christopher Moser-Purdy,None,None,None,None,None,,570047
BMS-PRP-62-20, 2022-06-04 07:40:08,1SPT,600,Transcribed,Christopher Moser-Purdy,None,None,None,None,None,,570044
BMS-NRA-51-49, 2022-06-18 07:20:24,1SPT,600,Transcribed,Christopher Moser-Purdy,None,None,None,None,None,,570085
BMS-NRA-47-20, 2022-06-17 05:16:49,1SPT,600,Transcribed,Christopher Moser-Purdy,None,Light,None,None,None,,570081
BMS-NRA-51-46, 2022-06-18 07:52:59,1SPT,600,Transcribed,Christopher Moser-Purdy,None,None,None,Light,None,,570084
BMS-NRA-51-51, 2022-06-18 05:31:24,1SPT,600,Transcribed,Christopher Moser-Purdy,None,None,None,None,None,,570087
BMS-NRA-47-6, 2022-06-17 06:42:59,1SPT,600,Transcribed,Christopher Moser-Purdy,None,Moderate,None,None,None,,570082
BMS-NRA-51-52, 2022-06-18 06:46:34,1SPT,600,Transcribed,Christopher Moser-Purdy,None,None,None,None,None,,570083
BMS-NRA-51-44, 2022-06-18 03:49:49,1SPT,600,Transcribed,Christopher Moser-Purdy,None,Light,None,Light,None,,570086
BMS-NRA-51-50, 2022-06-18 06:06:10,1SPT,600,Transcribed,Christopher Moser-Purdy,None,None,None,None,None,,570088
BMS-NRA-51-47, 2022-06-18 08:23:19,1SPT,600,Transcribed,Christopher Moser-Purdy,None,None,None,None,None,,570089
BMS-MRP-21-5, 2022-06-02 07:38:39,1SPT,600,Transcribed,Christopher Moser-Purdy,None,Moderate,None,Light,None,Observer too close to ARU,570091
BMS-MRP-14-27, 2022-06-01 09:33:17,1SPT,600,Transcribed,Christopher Moser-Purdy,None,None,None,None,None,,570095
BMS-MRP-21-18, 2022-06-02 05:03:33,1SPT,593.1,Transcribed,Christopher Moser-Purdy,None,Light,None,Moderate,None,Observer too close to ARU,570094
BMS-MRP-21-6, 2022-06-02 08:53:53,1SPT,600,Transcribed,Christopher Moser-Purdy,None,Light,None,Moderate,None,Observer too close to ARU,570103
BMS-MRP-21-8, 2022-06-02 08:22:32,1SPT,600,Transcribed,Christopher Moser-Purdy,None,Light,None,Light,None,,570096
BMS-MRP-14-30, 2022-06-01 08:32:22,1SPT,600,Transcribed,Christopher Moser-Purdy,None,Light,None,None,None,,570104
BMS-MMO-93-42, 2022-06-20 07:16:44,1SPT,600,Transcribed,Christopher Moser-Purdy,None,None,None,Moderate,None,,570105
BMS-MMO-93-41, 2022-06-20 06:43:17,1SPT,600,Transcribed,Christopher Moser-Purdy,None,None,None,Light,None,,570106
BMS-MRP-14-D1, 2022-06-01 05:44:14,1SPT,600,Transcribed,Christopher Moser-Purdy,None,Light,None,None,None,,570107
BMS-NRA-47-5, 2022-06-17 07:31:50,1SPT,600,Transcribed,Christopher Moser-Purdy,None,Light,None,Light,None,,570293
BMS-MRP-21-3, 2022-06-02 06:32:14,1SPT,600,Transcribed,Christopher Moser-Purdy,None,Moderate,None,Moderate,None,Point count starts 16s after recording; observer too close to ARU,570295
BMS-NRA-47-2, 2022-06-17 08:08:08,1SPT,600,Transcribed,Christopher Moser-Purdy,None,Moderate,None,None,None,,570298
BMS-MMO-88-11, 2022-06-19 08:12:44,1SPT,600,Transcribed,Christopher Moser-Purdy,None,None,None,Light,None,,570341
BMS-NRA-32-10, 2022-06-17 04:07:03,1SPT,600,Transcribed,Christopher Moser-Purdy,None,None,None,None,None,,570018
BMS-MMO-88-14, 2022-06-19 06:34:28,1SPT,600,Transcribed,Christopher Moser-Purdy,None,None,None,Light,None,Point count starts 19s after recording,570342
BMS-PRP-71-3, 2022-06-07 04:46:04,1SPT,600,Transcribed,Christopher Moser-Purdy,None,None,None,Light,None,,570019
BMS-MMO-88-10, 2022-06-19 07:45:54,1SPT,600,Transcribed,Christopher Moser-Purdy,None,Light,None,Light,None,,570343
BMS-PRP-80-A4, 2022-06-11 04:38:23,1SPT,600,Transcribed,Christopher Moser-Purdy,None,None,None,Moderate,None,,570020
BMS-NRA-32-13, 2022-06-17 04:54:06,1SPT,600,Transcribed,Christopher Moser-Purdy,None,None,None,None,None,,570021
BMS-MMO-88-24, 2022-06-19 04:14:31,1SPT,600,Transcribed,Christopher Moser-Purdy,None,None,None,Light,None,,570344
BMS-MMO-93-36, 2022-06-20 08:22:48,1SPT,600,Transcribed,Christopher Moser-Purdy,None,None,None,Light,None,,570345
BMS-MMO-88-15, 2022-06-19 05:57:40,1SPT,600,Transcribed,Christopher Moser-Purdy,None,None,None,Heavy,None,,570346
BMS-MMO-93-38, 2022-06-20 08:50:46,1SPT,600,Transcribed,Christopher Moser-Purdy,None,None,None,Light,None,,570347
BMS-NRA-47-19, 2022-06-17 06:01:45,1SPT,600,Transcribed,Christopher Moser-Purdy,None,None,None,None,None,,570359
BMS-MMO-88-23, 2022-06-19 04:47:17,1SPT,600,Transcribed,Christopher Moser-Purdy,None,None,None,Light,None,,570348
BMS-MMO-93-35, 2022-06-20 04:11:51,1SPT,600,Transcribed,Christopher Moser-Purdy,None,None,None,Light,None,,570349
BMS-MRP-20-B1, 2022-06-14 07:56:36,1SPT,600,Transcribed,Christopher Moser-Purdy,None,None,None,Heavy,None,,570022
BMS-MMO-88-22, 2022-06-19 05:20:25,1SPT,600,Transcribed,Christopher Moser-Purdy,None,None,None,Heavy,None,,570353
BMS-MMO-88-13, 2022-06-19 07:14:30,1SPT,600,Transcribed,Christopher Moser-Purdy,None,None,None,Light,None,Point count starts 36s after recording,570355
BMS-MRP-21-12, 2022-06-02 06:00:55,1SPT,600,Transcribed,Christopher Moser-Purdy,None,Heavy,None,None,None,,570357
BMS-NRA-51-45, 2022-06-18 04:21:40,1SPT,600,Transcribed,Christopher Moser-Purdy,None,Light,None,Light,None,,570350
BMS-MRP-20-2, 2022-06-14 05:38:22,1SPT,600,Transcribed,Christopher Moser-Purdy,None,None,None,None,None,,570023
BMS-MMO-93-37, 2022-06-20 05:39:59,1SPT,600,Transcribed,Christopher Moser-Purdy,None,None,None,Light,None,,570351
BMS-NRA-47-21, 2022-06-17 04:19:47,1SPT,600,Transcribed,Christopher Moser-Purdy,None,None,None,None,None,,570352
BMS-MMO-93-34, 2022-06-20 05:08:13,1SPT,600,Transcribed,Christopher Moser-Purdy,None,None,None,Light,None,,570356
BMS-MMO-93-40, 2022-06-20 06:11:57,1SPT,600,Transcribed,Christopher Moser-Purdy,None,None,None,Light,None,,570354
BMS-MRP-18-20, 2022-06-04 07:23:33,1SPT,600,Transcribed,Christopher Moser-Purdy,None,None,None,None,None,,570024
BMS-NRA-51-48, 2022-06-18 04:57:40,1SPT,600,Transcribed,Christopher Moser-Purdy,None,None,None,None,None,,570358
BMS-PRP-87-B2, 2022-06-11 08:39:06,1SPT,600,Transcribed,Christopher Moser-Purdy,None,None,None,Moderate,None,,570030
BMS-PRP-87-B4, 2022-06-11 04:52:06,1SPT,600,Transcribed,Christopher Moser-Purdy,None,None,None,Moderate,None,,570032
BMS-PRP-87-B3, 2022-06-11 06:52:59,1SPT,600,Transcribed,Christopher Moser-Purdy,None,None,None,Moderate,None,,570031
BMS-PRP-87-B1, 2022-06-11 04:16:28,1SPT,600,Transcribed,Christopher Moser-Purdy,None,None,None,Heavy,None,Point count starts 24s after recording,570033
BMS-GBP-70-30, 2022-06-10 07:03:37,1SPT,600,Transcribed,Christopher Moser-Purdy,None,Light,None,None,None,Point count starts 24s after recording,570360
BMS-GBP-70-28, 2022-06-10 07:36:41,1SPT,600,Transcribed,Christopher Moser-Purdy,None,Light,None,None,None,,570365
BMS-GBP-70-D2, 2022-06-10 04:53:33,1SPT,600,Transcribed,Christopher Moser-Purdy,None,None,None,None,None,Point count starts 24s after recording,570361
BMS-GBP-70-29, 2022-06-10 06:31:34,1SPT,600,Transcribed,Christopher Moser-Purdy,None,Light,None,None,None,,570366
BMS-GBP-70-D1, 2022-06-10 04:23:44,1SPT,600,Transcribed,Christopher Moser-Purdy,None,Light,None,None,None,,570364
BMS-GBP-70-D3, 2022-06-10 08:42:34,1SPT,600,Transcribed,Christopher Moser-Purdy,None,Light,None,None,None,,570362
BMS-GBP-70-27, 2022-06-10 05:58:19,1SPT,600,Transcribed,Christopher Moser-Purdy,None,Light,None,None,None,,570363
BMS-GBP-70-D4, 2022-06-10 08:10:47,1SPT,600,Transcribed,Christopher Moser-Purdy,None,Light,None,Light,None,,570367
BMS-PRP-87-B6, 2022-06-11 05:28:43,1SPT,600,Transcribed,Christopher Moser-Purdy,None,None,None,Moderate,None,,570034
BMS-PRP-87-9, 2022-06-11 08:05:21,1SPT,600,Transcribed,Christopher Moser-Purdy,None,None,None,Moderate,None,,570035
BMS-PRP-62-24, 2022-06-04 04:18:27,1SPT,600,Transcribed,Christopher Moser-Purdy,None,None,None,None,None,,570037
BMS-PRP-54-43, 2022-06-07 04:35:49,1SPT,600,Transcribed,Christopher Moser-Purdy,None,Light,None,None,None,,570036
BMS-PRP-54-45, 2022-06-07 05:27:09,1SPT,600,Transcribed,Christopher Moser-Purdy,None,Light,None,Heavy,None,Sounds like ARU is inside something? Enough extra noise that this should potentially be excluded from analysis,570038
BMS-PRP-54-38, 2022-06-07 07:03:38,1SPT,600,Transcribed,Christopher Moser-Purdy,None,Light,None,None,None,,570039
BMS-PRP-62-14, 2022-06-04 06:30:26,1SPT,600,Transcribed,Christopher Moser-Purdy,None,None,None,None,None,,570040
BMS-PRP-87-A4, 2022-06-11 07:31:23,1SPT,600,Transcribed,Christopher Moser-Purdy,None,None,None,Heavy,None,,570042
BMS-PRP-54-42, 2022-06-07 06:00:57,1SPT,600,Transcribed,Christopher Moser-Purdy,None,Light,None,Light,None,,570043
BMS-PRP-62-17, 2022-06-04 07:09:02,1SPT,600,Transcribed,Christopher Moser-Purdy,None,None,None,None,None,,570045
BMS-PRP-54-39, 2022-06-07 06:28:54,1SPT,600,Transcribed,Christopher Moser-Purdy,None,Light,None,Light,None,,570046
BMS-PRP-62-23, 2022-06-04 08:12:11,1SPT,600,Transcribed,Christopher Moser-Purdy,None,None,None,None,None,,570049
BMS-PRP-54-44, 2022-06-07 05:02:09,1SPT,600,Transcribed,Christopher Moser-Purdy,None,None,None,Light,None,Sounds like ARU is inside something again? Lots of movement sounds,570041
BMS-NRA-47-27, 2022-06-17 05:30:53,1SPT,600,Transcribed,Christopher Moser-Purdy,None,Light,None,None,None,,540358
BMS-MRP-22-29, 2022-06-01 08:00:23,1SPT,600,Transcribed,Christopher Moser-Purdy,None,None,None,Moderate,None,,540602
BMS-PRP-87-8, 2022-06-11 09:08:27,1SPT,600,Transcribed,Christopher Moser-Purdy,None,None,None,Heavy,None,,570051
BMS-MRP-14-24, 2022-06-01 10:07:20,1SPT,600,Transcribed,Christopher Moser-Purdy,None,Light,None,Light,None,"Observer too close to ARU, not catastrophic though",570090
BMS-MRP-14-31, 2022-06-01 07:53:20,1SPT,600,Transcribed,Christopher Moser-Purdy,None,None,None,Light,None,Observer too close to ARU,570092
BMS-MRP-21-15, 2022-06-02 05:33:54,1SPT,600,Transcribed,Christopher Moser-Purdy,None,Moderate,None,Moderate,None,Observer too close to ARU,570093
BMS-MRP-21-9, 2022-06-02 09:23:42,1SPT,600,Transcribed,Christopher Moser-Purdy,None,Light,None,Light,None,Observer too close to ARU,570097
BMS-MRP-14-26, 2022-06-01 06:51:28,1SPT,600,Transcribed,Christopher Moser-Purdy,None,None,None,Light,None,Point count starts 17s after recording,570098
BMS-MRP-21-2, 2022-06-02 07:07:50,1SPT,600,Transcribed,Christopher Moser-Purdy,None,Moderate,None,None,None,,570099
BMS-MRP-15-16, 2022-06-15 08:44:33,1SPT,600,Transcribed,Christopher Moser-Purdy,None,None,None,None,None,,570294
BMS-MRP-14-29, 2022-06-01 07:16:49,1SPT,600,Transcribed,Christopher Moser-Purdy,None,None,None,None,None,,570100
BMS-MRP-14-28, 2022-06-01 08:59:05,1SPT,600,Transcribed,Christopher Moser-Purdy,None,Light,None,None,None,,570101
BMS-MRP-14-25, 2022-06-01 06:15:58,1SPT,600,Transcribed,Christopher Moser-Purdy,None,None,Light,None,None,Observer too close to ARU,570102
BMS-FMO-6-23, 2022-06-14 07:25:34,1SPT,600,Transcribed,Christopher Moser-Purdy,None,None,None,Light,None,,538812
BMS-GBP-70-20, 2022-06-10 07:38:07,1SPT,600,Transcribed,Christopher Moser-Purdy,None,Light,None,None,None,,538829
BMS-GBP-70-23, 2022-06-10 08:43:33,1SPT,600,Transcribed,Christopher Moser-Purdy,None,Light,None,None,None,,539712
BMS-GBP-70-17, 2022-06-10 07:00:11,1SPT,600,Transcribed,Christopher Moser-Purdy,None,Light,None,None,None,,539713
BMS-MMO-58-23, 2022-06-20 04:57:28,1SPT,600,Transcribed,Christopher Moser-Purdy,None,Light,None,None,None,,539715
BMS-MMO-58-19, 2022-06-20 03:52:21,1SPT,600,Transcribed,Christopher Moser-Purdy,None,Moderate,None,None,None,,539718
BMS-MMO-58-C5, 2022-06-20 05:45:57,1SPT,600,Transcribed,Christopher Moser-Purdy,None,Light,None,None,None,,539721
BMS-NRA-36-B1, 2022-06-18 06:09:24,1SPT,604.97,Transcribed,Christopher Moser-Purdy,None,None,None,Light,None,,697793
BMS-MMO-88-16, 2022-06-19 05:36:49,1SPT,600,Transcribed,Christopher Moser-Purdy,None,Light,None,None,None,,539759
BMS-MMO-88-17, 2022-06-19 05:12:44,1SPT,600,Transcribed,Christopher Moser-Purdy,None,None,None,Light,None,,539763
BMS-NRA-32-5, 2022-06-17 08:02:10,1SPT,606.59,Transcribed,Christopher Moser-Purdy,None,None,None,Light,None,,696202
BMS-NRA-36-5, 2022-06-18 07:15:05,1SPT,603.3,Transcribed,Christopher Moser-Purdy,None,None,None,Light,None,,696226
BMS-NRA-36-11, 2022-06-18 03:54:33,1SPT,604.9,Transcribed,Christopher Moser-Purdy,None,None,None,Light,None,,696261
BMS-PRP-63-13, 2022-06-16 03:56:38,1SPT,603.37,Transcribed,Christopher Moser-Purdy,None,None,None,Light,None,,706858
BMS-PRP-63-9, 2022-06-16 08:06:29,1SPT,602.58,Transcribed,Christopher Moser-Purdy,None,None,None,Light,None,,706859
BMS-PRP-63-18, 2022-06-16 05:58:28,1SPT,602.47,Transcribed,Christopher Moser-Purdy,None,None,None,Light,None,,707832
BMS-PRP-83-16, 2022-06-16 06:46:52,1SPT,602.6,In Progress,Christopher Moser-Purdy,,,,,,,707891
BMS-PRP-83-A3, 2022-06-16 04:20:02,1SPT,606.58,Transcribed,Christopher Moser-Purdy,None,None,None,Light,None,,708943
BMS-GBP-97-31, 2022-06-10 05:37:08,1SPT,602.36,Transcribed,Christopher Moser-Purdy,None,Light,None,None,None,,671902
BMS-GBP-70-21, 2022-06-10 08:10:20,1SPT,601.59,Transcribed,Christopher Moser-Purdy,None,Light,None,None,None,,671890
BMS-GBP-70-24, 2022-06-10 09:15:12,1SPT,602.19,Transcribed,Christopher Moser-Purdy,None,Moderate,None,Moderate,None,,671904
BMS-MMO-62-17, 2022-06-05 07:04:17,1SPT,604.54,Transcribed,Christopher Moser-Purdy,None,None,None,Light,None,,671906
BMS-MMO-58-C7, 2022-06-20 06:26:29,1SPT,606.65,Transcribed,Christopher Moser-Purdy,None,Light,None,None,None,,671905
BMS-MMO-82-23, 2022-06-05 09:02:39,1SPT,605.85,Transcribed,Christopher Moser-Purdy,None,Light,None,None,None,,671911
BMS-MMO-65-18, 2022-06-19 04:36:22,1SPT,602.92,Transcribed,Christopher Moser-Purdy,None,None,None,Moderate,None,,671907
BMS-MMO-82-20, 2022-06-05 05:37:29,1SPT,607.86,Transcribed,Christopher Moser-Purdy,None,Light,None,None,None,,671909
BMS-MMO-82-25, 2022-06-05 08:27:20,1SPT,604.78,Transcribed,Christopher Moser-Purdy,None,Light,None,Light,None,,671914
BMS-MMO-82-22, 2022-06-05 04:31:59,1SPT,613.2,Transcribed,Christopher Moser-Purdy,None,None,None,None,None,,671912
BMS-MMO-93-39, 2022-06-20 07:47:49,1SPT,604,Transcribed,Christopher Moser-Purdy,None,None,None,Moderate,None,,671920
BMS-MMO-82-26, 2022-06-05 07:46:31,1SPT,603.38,Transcribed,Christopher Moser-Purdy,None,None,None,Moderate,None,,671915
BMS-MMO-82-27, 2022-06-05 07:18:00,1SPT,608.71,Transcribed,Christopher Moser-Purdy,None,None,None,Light,None,,671916
BMS-MRP-15-22, 2022-06-15 04:36:04,1SPT,603.64,Transcribed,Christopher Moser-Purdy,None,Light,None,Light,None,,671921
BMS-PRP-54-B5, 2022-06-07 07:08:12,1SPT,618.77,Transcribed,Christopher Moser-Purdy,None,Moderate,None,None,None,,697802
BMS-NEW-2-1, 2022-06-15 04:58:24,1SPT,602.92,Transcribed,Christopher Moser-Purdy,None,Light,None,None,None,,694699
BMS-MRP-20-3, 2022-06-14 05:02:16,1SPT,603.96,Transcribed,Christopher Moser-Purdy,None,None,None,None,None,,694741
BMS-MRP-18-30, 2022-06-04 08:44:00,1SPT,605.37,Transcribed,Christopher Moser-Purdy,None,None,None,None,None,,671922
BMS-NRA-32-4, 2022-06-17 05:31:19,1SPT,610.51,Transcribed,Christopher Moser-Purdy,None,None,None,None,None,,694838
BMS-NRA-32-1, 2022-06-17 04:57:55,1SPT,602.28,Transcribed,Christopher Moser-Purdy,None,None,None,None,None,,694734
BMS-PRP-63-7, 2022-06-16 06:49:23,1SPT,602.51,Transcribed,Christopher Moser-Purdy,None,None,None,Light,None,,698921
BMS-PRP-63-8, 2022-06-16 07:30:03,1SPT,604.02,Transcribed,Christopher Moser-Purdy,None,None,None,Light,None,,698949
BMS-PRP-63-17, 2022-06-16 05:17:27,1SPT,604.51,Transcribed,Christopher Moser-Purdy,None,None,None,Light,None,,706852
BMS-PRP-71-C2, 2022-06-07 07:45:41,1SPT,605.46,Transcribed,Christopher Moser-Purdy,None,None,None,Moderate,None,,707839
BMS-PRP-87-1, 2022-06-11 04:33:10,1SPT,603.24,Transcribed,Christopher Moser-Purdy,None,None,None,Moderate,None,,708942
BMS-GBP-97-27, 2022-06-10 06:58:25,1SPT,603.3,Transcribed,Christopher Moser-Purdy,None,Light,None,None,None,,671903
BMS-GBP-70-26, 2022-06-10 05:25:12,1SPT,600,Transcribed,Christopher Moser-Purdy,None,None,None,None,None,,570368
BMS-MMO-82-19, 2022-06-05 05:02:24,1SPT,602.51,Transcribed,Christopher Moser-Purdy,None,Light,None,None,None,,671908
BMS-MMO-93-25, 2022-06-20 04:10:37,1SPT,600.94,Transcribed,Christopher Moser-Purdy,None,Moderate,None,Moderate,None,,671919
BMS-NRA-36-26, 2022-06-18 06:10:14,1SPT,601.83,Transcribed,Christopher Moser-Purdy,None,None,None,Light,None,,696388
BMS-PRP-63-16, 2022-06-16 04:33:52,1SPT,604.59,Transcribed,Christopher Moser-Purdy,None,None,None,Light,None,,706851
BMS-PRP-83-7, 2022-06-16 05:01:51,1SPT,614.69,Transcribed,Christopher Moser-Purdy,None,Light,None,None,None,,707908
